Full name,Gender,Date of birth,Email,Password
Avery Brooks,Prefer not to say,1997-02-11,avery.b97@gmail.com,ab97
Daniel Carter,Male,2003-09-04,daniel.c03@yahoo.com,dc03
Olivia Turner,Female,1989-06-27,olivia.t89@email.com,ot89
Lucas Evans,Male,1995-12-19,lucas.e95@gmail.com,le95
Mia Bennett,Female,2001-03-08,mia.b01@yahoo.com,mb01
Henry Scott,Male,1992-08-14,henry.s92@email.com,hs92
Chloe Adams,Prefer not to say,2004-11-30,chloe.a04@gmail.com,ca04
Ethan Rivera,Male,1987-04-22,ethan.r87@yahoo.com,er87
Sophia Green,Female,1999-01-17,sophia.g99@email.com,sg99
Jack Nelson,Male,2002-07-05,jack.n02@gmail.com,jn02
Ella Parker,Female,1991-10-09,ella.p91@yahoo.com,ep91
Noah Mitchell,Male,1986-05-03,noah.m86@email.com,nm86
Grace Collins,Female,2000-02-28,grace.c00@gmail.com,gc00
Ryan Baker,Male,1994-06-11,ryan.b94@yahoo.com,rb94
Zoe Diaz,Prefer not to say,2003-12-02,zoe.d03@email.com,zd03
Benjamin Ward,Male,1998-09-26,benjamin.w98@gmail.com,bw98
Lily Cooper,Female,2001-08-13,lily.c01@yahoo.com,lc01
Owen Torres,Male,1990-03-21,owen.t90@email.com,ot90
Hannah Kelly,Female,2004-05-17,hannah.k04@gmail.com,hk04
Caleb Reed,Male,1988-11-07,caleb.r88@yahoo.com,cr88
Aria Watson,Female,1996-07-29,aria.w96@email.com,aw96
Logan Price,Male,2002-04-10,logan.p02@gmail.com,lp02
Scarlett Cox,Female,1993-02-15,scarlett.c93@yahoo.com,sc93
Isaac Flores,Male,1985-09-01,isaac.f85@email.com,if85
Nora Hughes,Prefer not to say,2000-06-23,nora.h00@gmail.com,nh00
David Gray,Male,1997-01-12,david.g97@yahoo.com,dg97
Emily Sanders,Female,2003-10-28,emily.s03@email.com,es03
Joseph Perry,Male,1991-05-19,joseph.p91@gmail.com,jp91
Victoria Russell,Female,1989-08-06,victoria.r89@yahoo.com,vr89
Andrew Butler,Male,2004-02-03,andrew.b04@email.com,ab04
Madison Simmons,Female,1995-11-25,madison.s95@gmail.com,ms95
Wyatt Foster,Male,2001-07-31,wyatt.f01@yahoo.com,wf01
Aurora Bryant,Prefer not to say,1992-04-09,aurora.b92@email.com,ab92
Julian Alexander,Male,1999-12-14,julian.a99@gmail.com,ja99
Penelope Hayes,Female,1987-06-18,penelope.h87@yahoo.com,ph87
Connor Griffin,Male,2003-03-06,connor.g03@email.com,cg03
Lucy Wallace,Female,1994-10-22,lucy.w94@gmail.com,lw94
Nathan Woods,Male,1998-08-08,nathan.w98@yahoo.com,nw98
Hazel West,Prefer not to say,2000-01-09,hazel.w00@email.com,hw00
Aaron Jordan,Male,1986-12-27,aaron.j86@gmail.com,aj86
Stella Owens,Female,2002-09-16,stella.o02@yahoo.com,so02
Isaiah Chapman,Male,1993-03-30,isaiah.c93@email.com,ic93
Bella Knight,Female,2001-05-05,bella.k01@gmail.com,bk01
Evan Elliott,Male,1990-07-13,evan.e90@yahoo.com,ee90
Willow Dunn,Prefer not to say,2004-08-20,willow.d04@email.com,wd04
Jordan Rhodes,Male,1996-02-01,jordan.r96@gmail.com,jr96
Sadie Armstrong,Female,2003-11-11,sadie.a03@yahoo.com,sa03
Robert Cole,Male,1988-04-17,robert.c88@email.com,rc88
Alice Pierce,Female,1997-09-03,alice.p97@gmail.com,ap97
Miles Stone,Male,2000-10-26,miles.s00@yahoo.com,ms00
Autumn Wagner,Prefer not to say,1995-06-08,autumn.w95@email.com,aw95
Leo Burns,Male,1992-01-24,leo.b92@gmail.com,lb92
Eva Powell,Female,2002-12-19,eva.p02@yahoo.com,ep02
Nathan Holland,Male,1989-03-14,nathan.h89@email.com,nh89
Clara Webb,Female,2001-04-01,clara.w01@gmail.com,cw01
Ian Simpson,Male,1994-08-23,ian.s94@yahoo.com,is94
Rose Tucker,Female,2003-06-07,rose.t03@email.com,rt03
Adam Porter,Male,1987-11-02,adam.p87@gmail.com,ap87
Madeline Hunter,Female,1999-02-18,madeline.h99@yahoo.com,mh99
Eli Hicks,Male,2000-07-15,eli.h00@email.com,eh00
Naomi Crawford,Prefer not to say,1991-10-29,naomi.c91@gmail.com,nc91
Jason Henry,Male,1996-05-12,jason.h96@yahoo.com,jh96
Sophie Boyd,Female,2004-03-09,sophie.b04@email.com,sb04
Blake Mason,Male,1993-09-21,blake.m93@gmail.com,bm93
Claire Warren,Female,2002-02-06,claire.w02@yahoo.com,cw02
Tyler Dixon,Male,1985-07-28,tyler.d85@email.com,td85
Elena Shaw,Female,1998-11-13,elena.s98@gmail.com,es98
Cole Ferguson,Male,1990-12-05,cole.f90@yahoo.com,cf90
Ruby Nichols,Female,2001-01-20,ruby.n01@email.com,rn01
Brandon Greene,Male,1997-03-25,brandon.g97@gmail.com,bg97
Ivy Matthews,Prefer not to say,2003-08-18,ivy.m03@yahoo.com,im03
Derek Payne,Male,1986-06-30,derek.p86@email.com,dp86
Faith Grant,Female,1995-04-14,faith.g95@gmail.com,fg95
Sean Spencer,Male,2002-10-01,sean.s02@yahoo.com,ss02
Luna Hawkins,Female,1992-07-07,luna.h92@email.com,lh92
Trevor Long,Male,1999-05-16,trevor.l99@gmail.com,tl99
Piper Daniels,Prefer not to say,2004-09-25,piper.d04@yahoo.com,pd04
Gavin Palmer,Male,1991-01-06,gavin.p91@email.com,gp91
Jade Black,Female,2000-12-08,jade.b00@gmail.com,jb00
Marcus Sutton,Male,1988-08-19,marcus.s88@yahoo.com,ms88
Tessa Gregory,Female,1996-03-11,tessa.g96@email.com,tg96
Colin Reeves,Male,1993-02-27,colin.r93@gmail.com,cr93
Vanessa Little,Female,2003-07-30,vanessa.l03@yahoo.com,vl03
Dean Larson,Male,1994-11-04,dean.l94@email.com,dl94
Hope Fuller,Female,2001-06-21,hope.f01@gmail.com,hf01
Spencer Dean,Male,1987-10-15,spencer.d87@yahoo.com,sd87
Brooke Carr,Female,1998-01-08,brooke.c98@email.com,bc98
Tristan Newman,Male,2002-03-12,tristan.n02@gmail.com,tn02
Kylie Schultz,Female,1990-09-29,kylie.s90@yahoo.com,ks90
Zane Harper,Male,1997-06-02,zane.h97@email.com,zh97
Molly Bates,Female,2004-05-23,molly.b04@gmail.com,mb04
Grant Norris,Male,1992-12-18,grant.n92@yahoo.com,gn92
Eliza Lowe,Prefer not to say,2000-08-04,eliza.l00@email.com,el00